orig.ident	dataset	n_cells	mt_qc_available	n_MT_features	count_median_log	count_MAD_old	count_MAD_standard	A_count_lower	A_count_upper	B_count_lower	B_count_upper	D_count_lower	D_count_upper	E_count_lower	E_count_upper	feature_median_log	feature_MAD_old	feature_MAD_standard	A_feature_lower	A_feature_upper	B_feature_lower	B_feature_upper	D_feature_lower	D_feature_upper	E_feature_lower	E_feature_upper	mt_median	mt_MAD_old	mt_MAD_standard	mt_cutoff_old	mt_cutoff_standard	hb_cutoff
CNP0000460_P01N	CNP0000460	12987	TRUE	37	8.14031554015999	0.814508037564212	1.2075896164927	5.69679142746735	10.5838396528526	5.69679142746735	12.212855727981	4.51754669068188	14.1782636226235	4.51754669068188	11.7630843896381	7.3790081276283	0.558723647631805	0.828363679978914	5.70283718473289	9.05517907052372	5.70283718473289	10.1726263657873	4.89391708769156	11.5208265275229	4.89391708769156	9.86409916756504	8.44189682126107	2.61207791776318	3.87266672087569	16.2781305745506	20.0598969838882	5
CNP0000460_P01T	CNP0000460	10900	TRUE	37	9.02177938856961	0.715120779219061	1.06023806727018	6.87641705091242	11.1671417262268	6.87641705091242	12.5973832846649	5.84106518675906	14.3229697249205	5.84106518675906	12.2024935903801	8.01532725445282	0.417429303931037	0.618880686008155	6.76303934265971	9.26761516624593	6.76303934265971	10.102473774108	6.15868519642835	11.1097306844936	6.15868519642835	9.87196931247729	8.40438972576251	3.29475131152834	4.88479829447192	18.2886436603475	23.0587846091783	5
CNP0000460_P02N	CNP0000460	4372	TRUE	37	8.15966069617699	0.488122061092137	0.723689767775203	6.69529451290057	9.6240268794534	6.69529451290057	10.6002710016377	5.98859139285138	11.778109535053	5.98859139285138	10.3307299995026	7.35308192051543	0.273936511204633	0.406138271511989	6.53127238690153	8.17489145412933	6.53127238690153	8.7227644765386	6.13466710597947	9.38377327807537	6.13466710597947	8.5714967350514	4.15620548759573	1.68903820570383	2.5041680437765	9.22332010470723	11.6687096189252	5
CNP0000460_P02T	CNP0000460	10006	TRUE	37	8.25608813381491	0.630980985576009	0.935492409214991	6.36314517708688	10.1490310905429	6.36314517708688	11.410993061695	5.44961090616994	12.9335501798899	5.44961090616994	11.0625653614599	7.34794382314869	0.441510742937986	0.654583827479858	6.02341159433473	8.67247605196264	6.02341159433473	9.55549753783862	5.38419234070911	10.620862960548	5.38419234070911	9.31169530558826	10.7577476989189	4.25067464181388	6.30205022395326	23.5097716243605	25	5
CNP0000460_P03N	CNP0000460	5911	TRUE	37	8.36822903827628	0.571759795190221	0.847691072349022	6.65294965270562	10.0835084238469	6.65294965270562	11.2270280142274	5.82515582122921	12.6066844000214	5.82515582122921	10.9113022553233	7.46221493976819	0.400667094873302	0.594029034859157	6.26021365514828	8.66421622438809	6.26021365514828	9.4655504141347	5.68012783519072	10.432360114064	5.68012783519072	9.24430204434566	6.65035587188612	2.43224887600135	3.6060521835596	13.9471024998902	17.4685124225649	5
CNP0000460_P03T	CNP0000460	5410	TRUE	37	7.99917508297862	0.55814803442518	0.827510275838771	6.32473097970308	9.67361918625416	6.32473097970308	10.7899152551045	5.5166442554623	12.1367264621725	5.5166442554623	10.4817059104949	7.19406133474772	0.379518437487765	0.562674035419361	6.05550602228443	8.33261664721102	6.05550602228443	9.09165352218655	5.50603922848964	10.0074315118445	5.50603922848964	8.8820834410058	7.13435768389552	2.47955706031857	3.67619129762832	14.5730288648512	18.1629315767805	5
CNP0000460_P04T	CNP0000460	12294	TRUE	37	8.17329343896623	0.660675894291717	0.9795180808769	6.19126575609108	10.1553211218414	6.19126575609108	11.4766729104248	5.23473919633553	13.0708838433507	5.23473919633553	11.1118476815969	7.35755620091035	0.458841666580365	0.680278654872049	5.98103120116926	8.73408120065145	5.98103120116926	9.65176453381218	5.31672023629421	10.7589494752706	5.31672023629421	9.3983921655265	9.09090909090909	3.95601708301794	5.86519092728239	20.9589603399629	25	5
CNP0000460_P05N	CNP0000460	4615	TRUE	37	7.62168499872461	0.47648886372744	0.706442389362302	6.19221840754229	9.05115158990693	6.19221840754229	10.0041293173618	5.50235783063771	11.1538969455361	5.50235783063771	9.74101216681152	7.03174125876313	0.358443290995474	0.53142802322989	5.95641138577671	8.10707113174955	5.95641138577671	8.8239577137405	5.43745718907346	9.68888137491258	5.43745718907346	8.6260253284528	5.56088207094918	2.42166460052152	3.59035993673321	12.8258758725138	16.3319618811488	5
CNP0000460_P05T	CNP0000460	9674	TRUE	37	8.34021732094704	0.712672930458532	1.05660888669782	6.20219852957144	10.4782361123226	6.20219852957144	11.9035819732397	5.17039066085358	13.6232617544361	5.17039066085358	11.5100439810405	7.59664337110437	0.492992453970666	0.73091061225691	6.11766600919237	9.07562073301637	6.11766600919237	10.0616056409577	5.40391153433364	11.2511964323889	5.40391153433364	9.7893752078751	7.62812634004149	3.09947933939659	4.59528806858938	16.9265643582312	21.4139905458096	5
CNP0000460_P06T	CNP0000460	8960	TRUE	37	7.7942051476153	0.569836864306764	0.844840135021209	6.08469455469501	9.50371574053559	6.08469455469501	10.6433894691491	5.25968474255167	12.0184058227213	5.25968474255167	10.3287255526789	7.08673793451058	0.413238606441545	0.612667557910234	5.84702211518594	8.32645375383521	5.84702211518594	9.1529309667183	5.24873526077987	10.1500757240617	5.24873526077987	8.92474060824128	10.068506006006	2.97536344843946	4.41127384865634	18.9945963513244	23.302327551975	5
CNP0000460_P07N	CNP0000460	4583	TRUE	37	8.17046857833067	0.777205483566836	1.15228484993619	5.83885212763017	10.5020850290312	5.83885212763017	12.0564959961649	4.7136140285221	13.9318928280116	4.7136140285221	11.6273231281392	7.32778053842163	0.566537525419992	0.83994853518768	5.62816796216165	9.02739311468161	5.62816796216165	10.1604681655216	4.80793493285859	11.52752321436	4.80793493285859	9.84762614398467	8.17888799355359	3.25147028756299	4.82062984834089	17.9332988562426	22.6407775385763	5
CNP0000460_P07T	CNP0000460	4876	TRUE	37	8.47689184586541	0.73083410742559	1.08353464766918	6.28438952358864	10.6693941681422	6.28438952358864	12.1310623829934	5.22628790285787	13.8945650842113	5.22628790285787	11.7274957888729	7.59312224048305	0.502019027591158	0.74429341030665	6.08706515770958	9.09917932325653	6.08706515770958	10.1032173784388	5.3602420095631	11.3145892920163	5.3602420095631	9.826002471403	9.2278725268659	3.30331896491856	4.89750069738825	19.1378294216216	23.9203746190307	5
GSE222315_p1_BCa	GSE222315	8707	TRUE	13	8.30943074214033	0.660214422319697	0.978833902531183	6.32878747518124	10.2900740090994	6.32878747518124	11.6105028537388	5.37292903454678	13.2036002547962	5.37292903454678	11.2459324497339	7.51152464839087	0.445911284793149	0.661108070834322	6.17379079401142	8.84925850277031	6.17379079401142	9.74108107235661	5.5282004358879	10.8170650025625	5.5282004358879	9.49484886089383	1.39603232916973	0.515459957127901	0.764220932437826	2.94241220055343	3.68869512648321	5
GSE222315_p2_BCa	GSE222315	12863	TRUE	13	8.51579221050061	0.847698501418204	1.25679779820263	5.972696706246	11.0588877147552	5.972696706246	12.7542847175916	4.74539881589272	14.7997812015138	4.74539881589272	12.2861856051085	7.54433210805369	0.49353412665593	0.731713696180081	6.0637297280859	9.02493448802148	6.0637297280859	10.0120027413333	5.34919101951344	11.2029005889541	5.34919101951344	9.73947319659393	1.75761056863871	0.94717284320789	1.40427845734002	4.59912909826238	5.97044594065877	5
GSE222315_p2_NAT	GSE222315	9171	TRUE	13	7.87511928104029	0.273217321165127	0.405072000359418	7.05546731754491	8.69477124453567	7.05546731754491	9.24120588686593	6.65990327996204	9.90047928283738	6.65990327996204	9.09033528211855	6.97914527506881	0.187923812342625	0.278615844179176	6.41537383804094	7.54291671209668	6.41537383804094	7.91876433678193	6.14329774253128	8.37222449596469	6.14329774253128	7.81499280760634	0.564546480993602	0.252588075447675	0.374487080658722	1.32231070733663	1.68800772296977	5
GSE222315_p3_BCa	GSE222315	7782	TRUE	13	7.93128476152589	0.440703388349193	0.653386843566514	6.60917459647831	9.25339492657347	6.60917459647831	10.1348017032719	5.97112423082635	11.1982189793585	5.97112423082635	9.89144529222543	7.05444965813294	0.296066513701058	0.438948213213189	6.16625011702977	7.94264919923612	6.16625011702977	8.53478222663823	5.73760501849337	9.24919072419889	5.73760501849337	8.37129429777251	1.43852264498072	0.606655722395949	0.899427774024234	3.25848981216857	4.13680596705342	5
GSE222315_p4_BCa	GSE222315	5769	TRUE	13	8.19560956728878	0.552126660211575	0.818582986429681	6.53922958665405	9.8519895479235	6.53922958665405	10.9562428683466	5.73986060799973	12.2885244994372	5.73986060799973	10.6513585265778	7.41034709782102	0.415497111987953	0.61601601823334	6.16385576185716	8.65683843378488	6.16385576185716	9.48783265776079	5.562299043121	10.4904271889877	5.562299043121	9.25839515252104	1.50080139880519	0.605145330735326	0.897188467348194	3.31623739101116	4.19236680084977	5
GSE222315_p4_NAT	GSE222315	6297	TRUE	13	8.12207437536222	0.420422012719992	0.62331767605866	6.86080833720224	9.38334041352219	6.86080833720224	10.2241844389622	6.25212134718624	11.2386627556555	6.25212134718624	9.9920274035382	7.16626597413364	0.291033886857061	0.431486840654279	6.29316431356245	8.03936763470482	6.29316431356245	8.62143540841894	5.8718054521708	9.32370017740503	5.8718054521708	8.46072649609648	1.45538108004596	0.674606389313856	1.00017143279672	3.47920024798753	4.45589537843613	5
GSE222315_p5_BCa	GSE222315	6492	TRUE	13	8.41693074503696	0.680352898378334	1.00869120713572	6.37587204990196	10.457989440172	6.37587204990196	11.8186952369286	5.39085712362981	13.4603867807155	5.39085712362981	11.4430043664441	7.43691181605276	0.467272086091753	0.692777594839633	6.0350955577775	8.83872807432802	6.0350955577775	9.77327224651152	5.35857903153386	10.9007997902509	5.35857903153386	9.51524460057166	1.41748519187334	0.574558329187959	0.851840178854068	3.14116017943721	3.97300572843554	5
GSE222315_p5_NAT	GSE222315	5545	TRUE	13	7.82244472948932	0.304923878886288	0.45208014283681	6.90767309283046	8.73721636614818	6.90767309283046	9.34706412392076	6.46620430097889	10.0828454436734	6.46620430097889	9.17868515799975	7.0057890192535	0.227004121568326	0.3365563106372	6.32477665454852	7.68680138395848	6.32477665454852	8.14080962709513	5.9961200873419	8.6885705724395	5.9961200873419	8.0154579511651	1.42207053469852	0.523702990022372	0.776442053007169	2.99317950476564	3.75139669372003	5
GSE222315_p6_BCa	GSE222315	4991	TRUE	13	8.90544431878971	0.400660675170847	0.594019517008298	7.70346229327717	10.1074263443023	7.70346229327717	10.908747694644	7.12338576776482	11.8755419038312	7.12338576776482	10.6875028698146	7.95577578153419	0.284873081840726	0.422352831137061	7.10115653601201	8.81039502705637	7.10115653601201	9.38014119073782	6.688717288123	10.0675399372195	6.688717288123	9.22283427494537	1.24588285837033	0.64531762049939	0.956747904152396	3.1818357198685	4.11612657082752	5
GSE222315_p7_BCa	GSE222315	4728	TRUE	13	8.09879479635138	0.599018540565902	0.888104888243006	6.30173917465367	9.89585041804908	6.30173917465367	11.0938874991809	5.43448013162236	12.5393192375664	5.43448013162236	10.7631094610804	7.51207124583547	0.433008368901545	0.641978207733431	6.21304613913083	8.8110963525401	6.21304613913083	9.67711309034319	5.58613662263517	10.7219622845026	5.58613662263517	9.43800586903576	1.2219326006572	0.743339659258203	1.10207537881621	3.45195157843181	4.52815873710584	5
GSE222315_p8_BCa	GSE222315	6310	TRUE	13	8.7898123745969	0.568333427329708	0.842611139359026	7.08481209260778	10.494812656586	7.08481209260778	11.6314795112454	6.26197895651982	13.002868071392	6.26197895651982	11.317645792674	7.74738090260661	0.379432818119504	0.562547096143977	6.6090824482481	8.88567935696512	6.6090824482481	9.64454499320413	6.05973961417468	10.5601163833265	6.05973961417468	9.43502219103854	0.43956043956044	0.243363053080858	0.36081006249768	1.16964959880301	1.52199062705348	5
GSE222315_p9_BCa	GSE222315	5828	TRUE	13	8.6562592243953	0.608143104557519	0.901632966816978	6.83182991072274	10.4806885380679	6.83182991072274	11.6969747471829	5.95136032394437	13.1644240584802	5.95136032394437	11.3611581248462	7.93808872689695	0.384277874888721	0.569730377310017	6.78525510223079	9.09092235156311	6.78525510223079	9.85947810134055	6.2288975949669	10.786740613447	6.2288975949669	9.647279858827	2.17552594393757	1.46613926655867	2.17369807659988	6.57394374361357	8.69662017373721	5
GSM4006644_BC1	GSE135337	3135	TRUE	13	9.62331057957012	0.400844027796097	0.594291355610494	8.42077849618183	10.8258426629584	8.42077849618183	11.6275307185506	7.84043651273864	12.5947673576226	7.84043651273864	11.4061846464016	8.15104494568502	0.232780259589751	0.345120012867764	7.45270416691577	8.84938572445428	7.45270416691577	9.31494624363378	7.11568490708173	9.87664501002384	7.11568490708173	9.18640498428832	2.66414575455483	1.82390115568423	2.70411585341744	8.13584922160753	10.7764933148072	5
GSM4006645_BC2	GSE135337	4806	TRUE	13	8.91677434737132	0.34036409681234	0.504623809933975	7.8956820569343	9.93786663780833	7.8956820569343	10.618594831433	7.40290291756939	11.4398933970412	7.40290291756939	10.4306457771732	7.76089319585102	0.229876863773108	0.34081543823001	7.0712626045317	8.45052378717035	7.0712626045317	8.91027751471657	6.73844688116099	9.46497038700107	6.73844688116099	8.78333951054105	5.35813701019127	1.37680762088579	2.04125497872527	9.48855987284863	11.4819019463671	5
GSM4006646_BC3	GSE135337	3023	TRUE	13	9.0980671294934	0.357730386762951	0.530371071414751	8.02487596920455	10.1712582897822	8.02487596920455	10.8867190633082	7.50695391524915	11.7499224865672	7.50695391524915	10.6891803437377	7.7873820264847	0.203871903355497	0.30226048391486	7.17576631641821	8.39899773655119	7.17576631641821	8.80674154326219	6.88060057474012	9.298684446059	6.88060057474012	8.69416347822928	5.06288294098678	2.27364018501003	3.37089893829587	11.8838034960169	15.1755797558744	5
GSM4006647_BC4	GSE135337	4920	TRUE	13	8.21093973337902	0.239597474687387	0.355227215971519	7.49214730931686	8.92973215744118	7.49214730931686	9.40892710681595	7.14525808546446	9.98707581323662	7.14525808546446	9.27662138129358	7.19218205871325	0.166643744074725	0.247066014965187	6.69225082648907	7.69211329093742	6.69225082648907	8.02540077908687	6.45098401381768	8.42751213353918	6.45098401381768	7.93338010360881	5.44216610202393	1.19507626547047	1.77182007118652	9.02739489843535	10.7576263155835	5
GSM4006648_BC5	GSE135337	8045	TRUE	13	8.98029807897082	0.237564211640649	0.352212700178426	8.26760544404887	9.69299071389276	8.26760544404887	10.1681191371741	7.92365997843554	10.7413615798629	7.92365997843554	10.0369361795061	7.65728279297819	0.152340724582019	0.225860358265301	7.20026061923213	8.11430496672425	7.20026061923213	8.41898641588828	6.97970171818229	8.7865845843047	6.97970171818229	8.33486386777409	3.95914764846804	1.17764976034606	1.74598353468907	7.49209692950623	9.19709825253526	5
GSM4751267_BC6	GSE135337	5863	TRUE	13	9.37330920025432	0.190956864818308	0.283112647779623	8.8004386057994	9.94617979470924	8.8004386057994	10.3280935243459	8.52397125691545	10.7888724391524	8.52397125691545	10.2226471435932	7.78364059622125	0.101312349538561	0.15020568942587	7.47970354760557	8.08757764483694	7.47970354760557	8.29020234391406	7.33302352794364	8.5346690433506	7.33302352794364	8.23425766449886	3.95926608726187	0.744831029581829	1.10428648445802	6.19375917600736	7.27212554063593	5
GSM4751268_BC7	GSE135337	5279	TRUE	13	8.71899052471085	0.233907387212845	0.346791092281764	8.01726836307231	9.42071268634938	8.01726836307231	9.88852746077507	7.67861724786556	10.4529459861197	7.67861724786556	9.75936380155614	7.46164039220858	0.165417024810359	0.245247280983838	6.9653893177775	7.95789146663965	6.9653893177775	8.28872551626037	6.72589854925706	8.68787679712776	6.72589854925706	8.19738223516009	6.89827543114221	1.25486457842904	1.86046222397889	10.6628691664293	12.4796621030789	5
GSM5329919_BCN	GSE135337	5744	TRUE	13	8.45254799792271	0.309030592125225	0.458168755884859	7.52545622154703	9.37963977429838	7.52545622154703	9.99770095854883	7.07804173026813	10.743391777347	7.07804173026813	9.82705426557728	7.2991214627108	0.217311840204832	0.322186534287685	6.6471859420963	7.9510569833253	6.6471859420963	8.38568066373496	6.33256185984775	8.91005413414922	6.33256185984775	8.26568106557385	5.30849739745396	2.60079955063674	3.85594541377404	13.1108960493642	16.8763336387761	5
HRA003620_BC-01	HRA003620	7339	TRUE	37	8.61776224633793	0.318476339440657	0.472173020854719	7.66233322801596	9.5731912646599	7.66233322801596	10.2101439435412	7.20124318377378	10.9786273506115	7.20124318377378	10.0342813089021	7.72223474470961	0.221705259314312	0.328700217459399	7.05711896676667	8.38735052265254	7.05711896676667	8.83076104128117	6.73613409233141	9.3657358320066	6.73613409233141	8.7083353970878	4.47468573405605	1.43882591335515	2.13320329914035	8.79116347412151	10.8742956314771	5
HRA003620_BC-04	HRA003620	4075	TRUE	37	9.58183496051319	0.419096856683788	0.621352999719385	8.32454439046183	10.8391255305646	8.32454439046183	11.6773192439321	7.71777596135504	12.6885999591101	7.71777596135504	11.4458939596713	8.37724123098879	0.24015922084447	0.356060060824011	7.65676356845538	9.0977188935222	7.65676356845538	9.57803733521114	7.30906104851676	10.1575415351088	7.30906104851676	9.44542141346083	7.48066298342541	2.75709883957142	4.08767473954858	15.7519595021397	19.7436872020712	5
HRA003620_BC-05	HRA003620	7024	TRUE	37	8.90225148743194	0.78460252711052	1.16325170669406	6.54844390610038	11.2560590687635	6.54844390610038	12.8252641229845	5.41249636734977	14.7185100209022	5.41249636734977	12.3920066075141	8.00252674230042	0.542767874499954	0.804707650733631	6.37422311880056	9.63083036580028	6.37422311880056	10.7163661148002	5.58840379009953	12.0260649959686	5.58840379009953	10.4166496945013	5.22248904650959	2.68062555825752	3.97429545267259	13.2643657212821	17.1453754045274	5
HRA003620_BC-11	HRA003620	7804	TRUE	37	8.39671903158609	0.32175867247023	0.477039407804363	7.4314430141754	9.36199504899678	7.4314430141754	10.0055123939372	6.965600808173	10.7819160706079	6.965600808173	9.82783725499917	7.61677580869837	0.227211855020737	0.336864296253745	6.93514024363616	8.29841137376058	6.93514024363616	8.75283508380206	6.60618291993714	9.3010972899671	6.60618291993714	8.62736869745961	2.50807688990694	0.831508017159956	1.23279378624135	5.00260094138681	6.206458248631	5
HRA003620_BC-24	HRA003620	8336	TRUE	37	8.57499028568827	0.524185089038649	0.7771568130087	7.00243501857232	10.1475455528042	7.00243501857232	11.1959157308815	6.24351984666217	12.4607743507318	6.24351984666217	10.9064607247144	7.80220931624712	0.37586814760249	0.557262115635451	6.67460487343965	8.92981375905459	6.67460487343965	9.68155005425957	6.13042296934076	10.5885198944244	6.13042296934076	9.47399566315347	8.57510041811668	3.53114008421266	5.23526828885369	19.1685206707547	24.2809052846777	5
HRA003620_BC-27	HRA003620	5209	TRUE	36	8.89027283938025	0.448812488486498	0.665409395430081	7.54383537392075	10.2367103048397	7.54383537392075	11.1343352818127	6.89404465309	12.2173198165307	6.89404465309	10.8865010256705	7.95892649305011	0.300698966888758	0.445816288309273	7.05682959238384	8.86102339371638	7.05682959238384	9.4624213274939	6.62147762812229	10.1880079345965	6.62147762812229	9.29637535797793	4.17931773530988	1.84094084397563	2.72937889527826	9.70214026723676	12.3674544211447	5
HRA003620_BC-30	HRA003620	9330	TRUE	36	8.56015688626005	0.499774742770251	0.740966033631174	7.0608326579493	10.0594811145708	7.0608326579493	11.0590306001113	6.33725878536653	12.2649870544159	6.33725878536653	10.7830549871536	7.77254214581918	0.341782563336161	0.506726828402192	6.74719445581069	8.79788983582766	6.74719445581069	9.48145496249998	6.2523616606126	10.3061762878301	6.2523616606126	9.29272263102576	3.20063501021887	1.50444638960619	2.23049221723013	7.71397417903743	9.89211166190927	5
HRA003620_NC-01	HRA003620	2021	TRUE	37	9.30937089543914	0.273383910607732	0.405318985867024	8.48921916361594	10.1295226272623	8.48921916361594	10.6762904484778	8.09341393783807	11.3359658247743	8.09341393783807	10.5253278530402	8.04782935745784	0.164383003320101	0.243714240722382	7.55468034749754	8.54097836741814	7.55468034749754	8.86974437405835	7.31668663529069	9.26640056106975	7.31668663529069	8.77897207962499	4.64682731478285	1.27829476877656	1.89519982418813	8.48171162111254	10.3324267873473	5
HRA003620_NC-04	HRA003620	6505	TRUE	37	9.12739345115526	0.393734981987182	0.583751484294195	7.94618850519371	10.3085983971168	7.94618850519371	11.0960683610912	7.37613899827267	12.0461508726262	7.37613899827267	10.8786479040378	7.87016594646984	0.25191484859315	0.373488954524204	7.1144214006904	8.62591049224929	7.1144214006904	9.12974018943559	6.74969908289723	9.73761071909086	6.74969908289723	8.99063281004246	4.1564967695621	1.57003060414856	2.32772737371066	8.86658858200778	11.1396788906941	5
HRA003620_NC-05	HRA003620	6468	TRUE	37	8.58709224923321	0.583702269113206	0.865396984187239	6.83598544189359	10.3381990565728	6.83598544189359	11.5056035947992	5.99090129667149	12.9140771701694	5.99090129667149	11.1832832017949	7.6508823635698	0.383228653427524	0.568174801571648	6.50119640328723	8.80056832385237	6.50119640328723	9.56702563070742	5.94635795885486	10.491756371428	5.94635795885486	9.35540676828474	3.16610459783996	1.09847726088241	1.62860238698426	6.46153638048718	8.05191175879273	5
HRA003620_NC-11	HRA003620	7111	TRUE	37	8.65921345143667	0.352988235404506	0.523340357810721	7.60024874522315	9.71817815765019	7.60024874522315	10.4241546284592	7.0891923780045	11.2759152404903	7.0891923780045	10.2292345248688	7.69302574841789	0.225083416132036	0.333708672757357	7.01777550002178	8.368275996814	7.01777550002178	8.81844282907807	6.69189973014582	9.36156911220467	6.69189973014582	8.69415176668996	3.17675398976212	1.02721047884105	1.52294225592974	6.25838542628528	7.74558075755135	5
HRA003620_NC-24	HRA003620	4356	TRUE	37	8.99838394129576	0.722752886717753	1.07155342984774	6.8301252811425	11.166642601449	6.8301252811425	12.6121483748845	5.78372365175254	14.3561510905345	5.78372365175254	12.213044230839	7.9206280922156	0.444650432525479	0.659238731262275	6.58667679463917	9.25457938979204	6.58667679463917	10.143880254843	5.94291189842878	11.216821748527	5.94291189842878	9.89834428600243	7.16730902726571	3.46966923763681	5.14413161172034	17.5763167401762	22.5997038624267	5
HRA003620_NC-27	HRA003620	8207	TRUE	37	8.48528964240323	0.607134305899905	0.900137321927199	6.66388672470351	10.3066925601029	6.66388672470351	11.5209611719028	5.78487767662163	12.9859762520392	5.78487767662163	11.1857016081848	7.59085212368858	0.425358648627736	0.630636732455481	6.31477617780537	8.86692806957179	6.31477617780537	9.71764536682726	5.69894192632214	10.744035785966	5.69894192632214	9.48276232105502	5.23955628982771	2.5339285842	3.75680251893492	12.8413420424277	16.5099638466325	5
HRA003620_NC-30	HRA003620	11490	TRUE	37	8.50238407061222	0.387957625065041	0.575185974921429	7.3385111954171	9.66625694580734	7.3385111954171	10.4421721959374	6.77682614584793	11.3783139452194	6.77682614584793	10.2279419953765	7.54697411751653	0.266617435435906	0.395287009777274	6.74712181120881	8.34682642382425	6.74712181120881	8.88006129469606	6.3611130881847	9.5234091664029	6.3611130881847	8.73283514684835	3.28165794421354	0.959969675898932	1.42325104148776	6.16156697191033	7.55141106867681	5
T4091568	InhouseData	6982	FALSE	0	8.41227692278897	0.529584716499944	0.785162300682816	6.82352277328914	10.0010310722888	6.82352277328914	11.0602005052887	6.05679002074052	12.3380884262031	6.05679002074052	10.7677638248374	7.60439634879634	0.341767747822097	0.50670486292104	6.57909310533005	8.62969959226263	6.57909310533005	9.31323508790682	6.08428176003322	10.1379206634015	6.08428176003322	9.12451093755946	0	0	0	NA	NA	5
T4295396	InhouseData	6567	FALSE	0	8.13211877295581	0.272577387233286	0.404123234312069	7.31438661125595	8.94985093465566	7.31438661125595	9.49500570912223	6.9197490700196	10.1527349445162	6.9197490700196	9.34448847589201	7.5076900778199	0.190339092452901	0.282196738470671	6.9366728004612	8.07870735517861	6.9366728004612	8.45938554008441	6.66109986240789	8.91867377017326	6.66109986240789	8.35428029323192	0	0	0	NA	NA	5
T4380845	InhouseData	3510	FALSE	0	8.53934597692414	0.377257544449204	0.55932203540039	7.40757334357653	9.67111861027175	7.40757334357653	10.4256336991702	6.86137987072297	11.3359561539261	6.86137987072297	10.2173120831253	7.76387128782022	0.252396625056274	0.374203236308432	7.0066814126514	8.52106116298905	7.0066814126514	9.02585441310159	6.64126157889492	9.63488746936238	6.64126157889492	8.88648099674552	0	0	0	NA	NA	5
T4398343	InhouseData	9618	FALSE	0	7.98718474823347	0.38628228869139	0.572702121213855	6.8283378821593	9.14603161430764	6.8283378821593	9.91859619169042	6.26907838459191	10.8506953543027	6.26907838459191	9.70529111187504	7.4730690880322	0.2578291093021	0.382257437451293	6.6995817601259	8.2465564159385	6.6995817601259	8.7622146345427	6.32629677567832	9.38435627528866	6.32629677567832	8.61984140038608	0	0	0	NA	NA	5
T4450398	InhouseData	13400	FALSE	0	8.27461194620955	0.511997508851573	0.759087506623343	6.73861941965483	9.81060447276427	6.73861941965483	10.8345994904674	5.99734942633952	12.0700494793263	5.99734942633952	10.5518744660796	7.60638738977265	0.34867971261261	0.516952541919455	6.56034825193482	8.65242652761048	6.56034825193482	9.3497859528357	6.05552976401429	10.1911500993699	6.05552976401429	9.15724501553102	0	0	0	NA	NA	5
T4463209a	InhouseData	8336	FALSE	0	8.63914526690666	0.559375485402562	0.829330094657838	6.96101881069898	10.3172717231143	6.96101881069898	11.4360226939195	6.15115498293315	12.7857957401959	6.15115498293315	11.1271355508802	7.86172707782398	0.26835288470269	0.397859986860208	7.05666842371591	8.66678573193205	7.05666842371591	9.20349150133743	6.66814711724336	9.85102701212502	6.66814711724336	9.0553070384046	0	0	0	NA	NA	5
T4463209b	InhouseData	5274	FALSE	0	8.00336283506832	0.356942600810775	0.529203099962056	6.93253503263599	9.07419063750064	6.93253503263599	9.78807583912219	6.41575353518215	10.6493783348786	6.41575353518215	9.59097213495448	7.36264527041782	0.256723643372767	0.380618473664464	6.59247434029952	8.13281620053613	6.59247434029952	8.64626348728166	6.22078984942443	9.26573763874015	6.22078984942443	8.50450069141122	0	0	0	NA	NA	5
T4465219	InhouseData	12964	FALSE	0	8.22897764335831	0.53366838629197	0.791216749516474	6.6279724844824	9.82998280223422	6.6279724844824	10.8973195748182	5.85532739480889	12.1850613909407	5.85532739480889	10.6026278919077	7.64873978895624	0.365265205823216	0.5415421941535	6.55294417148659	8.74453540642589	6.55294417148659	9.47506581807232	6.02411320649574	10.3564507597237	6.02411320649574	9.27336637141674	0	0	0	NA	NA	5
T4465935	InhouseData	4940	FALSE	0	8.48260174664662	0.392895059258138	0.582506214856116	7.3039165688722	9.66128692442103	7.3039165688722	10.4470770429373	6.73508310207827	11.3951328209272	6.73508310207827	10.230120391215	7.81136593718523	0.250915814407319	0.372007786440291	7.05861849396327	8.56411338040719	7.05861849396327	9.06594500922182	6.69534257786436	9.67140486938668	6.69534257786436	8.9273892965061	0	0	0	NA	NA	5
T4466585	InhouseData	3774	FALSE	0	8.26165549727229	0.664110510315799	0.984610242594204	6.2693239663249	10.2539870282197	6.2693239663249	11.5822080488513	5.30782476948968	13.1847067102433	5.30782476948968	11.2154862250549	7.53289092669518	0.555977674046415	0.824292499541214	5.86495790455593	9.20082394883442	5.86495790455593	10.3127792969272	5.06001342807154	11.6543534244012	5.06001342807154	10.0057684253188	0	0	0	NA	NA	5
T4469479	InhouseData	5246	FALSE	0	8.31336192106841	0.533476893385057	0.790932842132686	6.71293124091323	9.91379260122358	6.71293124091323	10.9807463879937	5.94056339467035	12.2680261317318	5.94056339467035	10.6861604474665	7.56631101477246	0.375695793717393	0.557006583765408	6.43922363362028	8.69339839592464	6.43922363362028	9.44478998335943	5.89529126347624	10.3513439335995	5.89529126347624	9.23733076606869	0	0	0	NA	NA	5
T4471438	InhouseData	9830	FALSE	0	8.1104271924578	0.369686990717021	0.548097932437055	7.00136622030673	9.21948816460886	7.00136622030673	9.9588621460429	6.46613339514663	10.8509168546431	6.46613339514663	9.75472098976896	7.4846494632879	0.27078525236393	0.401466215154762	6.67229370619611	8.29700522037968	6.67229370619611	8.83857572510755	6.28025081782361	9.49198053906171	6.28025081782361	8.68904810875218	0	0	0	NA	NA	5
T8009218	InhouseData	4864	FALSE	0	8.07293516917059	0.559771623936513	0.829917409648274	6.39362029736105	9.75225004098013	6.39362029736105	10.8717932888532	5.58318294022577	12.222522217412	5.58318294022577	10.5626873981154	7.46278899264411	0.40163091235046	0.595457990650792	6.25789625559273	8.66768172969548	6.25789625559273	9.47094355439641	5.67641502069173	10.4400789458981	5.67641502069173	9.24916296459648	0	0	0	NA	NA	5
