orig.ident	dataset	total_cells	nCount_lower_cutoff	nCount_upper_cutoff	fail_nCount_low_count	fail_nCount_high_count	nFeature_lower_cutoff	nFeature_upper_cutoff	fail_nFeature_low_count	fail_nFeature_high_count
CNP0000460_P01N	CNP0000460	12987	296.91	39490.4571514886	0	0	298.716547016738	8561.77047612146	0	0
CNP0000460_P01T	CNP0000460	10900	968.1477246712	70765.551119199	0	0	864.268049428074	10588.4676292005	764	0
CNP0000460_P02N	CNP0000460	4372	807.592039933272	15122.8293181926	0	219	685.270858252868	3549.66949251421	102	252
CNP0000460_P02T	CNP0000460	10006	579.067906631879	25565.3187541446	0	33	411.985132834937	5838.94146095316	0	17
CNP0000460_P03N	CNP0000460	5911	774.067136005739	23943.8470175654	0	72	522.330740471171	5790.90321835676	7	22
CNP0000460_P03T	CNP0000460	5410	557.207624283068	15891.763935989	0	469	425.454646419522	4156.28147151181	0	563
CNP0000460_P04T	CNP0000460	12294	487.463991358336	25726.6385206066	0	152	394.848357048496	6210.0248943102	0	0
CNP0000460_P05N	CNP0000460	4615	487.929549010448	8527.35343750291	0	289	385.221633901035	3316.84625075754	0	212
CNP0000460_P05T	CNP0000460	9674	492.833556163788	35532.6748201453	0	3	452.804282461207	8738.60901931117	0	0
CNP0000460_P06T	CNP0000460	8960	438.085675530266	13408.4604495795	0	52	345.201894565239	4130.73937651704	0	8
CNP0000460_P07N	CNP0000460	4583	342.384952255581	36390.3005445245	0	1	277.152065449533	8327.12079340931	0	0
CNP0000460_P07T	CNP0000460	4876	535.136891787331	43017.8713988903	0	0	439.127808109608	8946.94631794597	0	0
GSE222315_p1_BCa	GSE222315	8707	559.47658989988	29437.9530220119	0	32	479.002251257831	6968.2193968547	0	0
GSE222315_p2_BCa	GSE222315	12863	391.562871376626	63504.8759188717	0	1	428.976144003044	8306.67020408164	0	0
GSE222315_p2_NAT	GSE222315	9171	1158.17904943268	5970.60637382792	197	850	610.169196411542	1886.32679391009	315	385
GSE222315_p3_BCa	GSE222315	7782	740.870423472096	10438.9484801557	0	866	475.396321991161	2813.80762570808	0	604
GSE222315_p4_BCa	GSE222315	5769	690.753436613555	18995.110903806	0	324	474.257024479132	5748.32901411535	0	19
GSE222315_p4_NAT	GSE222315	6297	953.138021112498	11887.6615447667	0	738	539.86208136432	3099.6518256368	14	579
GSE222315_p5_BCa	GSE222315	6492	586.497534786815	34820.4703699538	0	15	416.838735471603	6895.21558601484	0	0
GSE222315_p5_NAT	GSE222315	5545	998.917817225508	6229.52804208106	0	577	557.233120912305	2178.39236212235	9	433
GSE222315_p6_BCa	GSE222315	4991	2215.00719184022	24523.4619241824	527	38	1212.36956892092	6702.56683432704	460	0
GSE222315_p7_BCa	GSE222315	4728	544.519839857868	19846.8390865142	0	94	498.219629966088	6707.26986556495	0	0
GSE222315_p8_BCa	GSE222315	6310	1192.69890956364	36126.6094453035	85	6	740.802064575149	7226.72321086852	172	0
GSE222315_p9_BCa	GSE222315	5828	925.885379047298	35619.9254632284	0	0	883.705748570537	8873.36756535783	237	0
GSM4006644_BC1	GSE135337	3135	4539.43679237531	50303.1402059716	0	191	1723.52023633102	6969.10608908433	1	70
GSM4006645_BC2	GSE135337	4806	2684.66072550915	20698.5375372519	0	327	1176.63398197193	4676.52212005319	14	218
GSM4006646_BC3	GSE135337	3023	3055.04223090561	26139.9489672944	0	97	1306.36156985505	4441.61184810867	1	110
GSM4006647_BC4	GSE135337	4920	1792.90001724264	7552.24202562138	0	373	805.134680941049	2189.99989339022	1	298
GSM4006648_BC5	GSE135337	8045	3894.60955966542	16202.6323284466	603	223	1338.77989130435	3340.93402144658	698	185
GSM4751267_BC6	GSE135337	5863	6636.15446239848	20871.3332845169	265	349	1770.71546877877	3252.79616625102	304	416
GSM4751268_BC7	GSE135337	5279	3031.88127670256	12340.3746154597	0	504	1058.32725208777	2857.04032137667	1	452
GSM5329919_BCN	GSE135337	5744	1853.65916858313	11843.7472032192	0	475	769.612722637236	2837.57369044468	28	401
HRA003620_BC-01	HRA003620	7339	2125.71375232211	14373.2151319713	310	688	1160.09518856682	4390.16796814336	304	278
HRA003620_BC-04	HRA003620	4075	4122.85791136803	50975.7808489459	501	0	2113.90160609094	8933.88800877456	768	0
HRA003620_BC-05	HRA003620	7024	697.156930368506	77346.1545595015	0	0	585.529590086087	15226.0749011813	2	0
HRA003620_BC-11	HRA003620	7804	1687.24197360662	11636.5829455464	273	568	1026.76337919082	4016.48503945613	333	258
HRA003620_BC-24	HRA003620	8336	1098.30673431869	25527.3672189933	35	15	791.034438195885	7552.85840750565	71	0
HRA003620_BC-27	HRA003620	5209	1888.06140562398	27908.1621071921	61	76	1159.75924597215	7050.69571416567	79	0
HRA003620_BC-30	HRA003620	9330	1164.4151540748	23375.3735650305	70	189	850.666020968162	6619.25942233848	129	0
HRA003620_NC-01	HRA003620	2021	4861.06811097033	25071.3926974506	172	105	1908.65971884805	5119.35149691399	147	69
HRA003620_NC-04	HRA003620	6505	2823.78774203167	29988.3739764927	549	101	1228.57197584916	5573.23569715514	500	77
HRA003620_NC-05	HRA003620	6468	929.745094160695	30889.3481526555	0	42	664.937886905997	6637.01547699597	19	0
HRA003620_NC-11	HRA003620	7111	1997.69299861144	16615.9436842345	153	468	1115.30064299021	4307.20230213035	208	280
HRA003620_NC-24	HRA003620	4356	924.306728701987	70730.2385935097	0	0	724.366318857081	10451.3215414057	36	0
HRA003620_NC-27	HRA003620	8207	782.590627128976	29931.2735468854	0	22	551.678345066829	7092.45686327904	2	0
HRA003620_NC-30	HRA003620	11490	1537.42000108769	15775.1872459019	244	1019	850.604154276297	4215.77722210232	244	899
T4091568	InhouseData	6982	918.217507943555	22048.1883856117	0	154	718.886172189068	5594.39709972661	426	0
T4295396	InhouseData	6567	1500.75035670423	7705.74296718639	439	614	1028.3396925585	3224.06168177453	574	332
T4380845	InhouseData	3510	1647.42133721209	15852.0725185812	187	87	1102.98474924439	5018.37730914552	246	0
T4398343	InhouseData	9618	922.65431359842	9376.15428000012	0	967	811.066115702479	3813.46773865255	97	439
T4450398	InhouseData	13400	843.394176768034	18225.0008695297	0	66	705.517697912599	5723.01938684384	24	0
T4463209a	InhouseData	8336	1053.70755739176	30249.6128607828	38	291	1159.57218302544	5805.80469389835	453	0
T4463209b	InhouseData	5274	1024.08932348189	8726.11947639174	18	578	728.583877141293	3403.37347619592	89	368
T4465219	InhouseData	12964	754.947919670942	18581.634642496	0	15	700.305902126173	6275.29681520647	33	0
T4465935	InhouseData	4940	1485.10899257833	15696.9737801906	249	218	1161.83758844143	5239.19180371288	498	0
T4466585	InhouseData	3774	527.120230109272	28394.5303073641	0	8	351.467318527122	9904.28714715818	0	0
T4469479	InhouseData	5246	821.979458370721	20206.1665712327	0	18	624.920667364951	5962.41388712069	436	0
T4471438	InhouseData	9830	1097.13242484945	10090.8976156445	107	785	789.206027841499	4010.83980924513	202	433
T8009218	InhouseData	4864	597.017667220404	17191.8699829041	0	24	521.119378193114	5811.00990949931	5	0
